Language,Title,Short description,Full description
"en-US","AVAN: Daily Affirmations","Personalized psychological affirmations, mindful meditation, and soundscapes.","AVAN is a mindful daily affirmation and psychological reflection companion designed to cultivate self-belief, focus, and emotional resilience.

Key Features:
• Personalized Mindset Engine: Dynamic affirmations calibrated across 11 psychological archetypes using 16-dimensional cognitive embeddings.
• Calibrated Audio Pacing: Scientifically structured 18-second affirmation cycles (6 seconds of clear speech + 12 seconds of quiet reflection).
• Procedural Ambient Soundscapes: 100% offline 432Hz Miracle tones, 528Hz Solfeggio frequencies, gentle rainfall, and ocean waves.
• Say After Me: Interactive voice repetition to deeply reinforce affirmative reframes.
• My Voice Studio: Record and listen to affirmations spoken in your own voice.
• Mindful Reflections Journal: Track daily gratitude, thoughts, and mood shifts.
• Visual Vision Boards: Dynamic goal-setting templates with customizable color palettes.
• Dual Atmosphere Modes: Energizing Growth Mode and soothing somatic Healing Mode.

All user reflections and recordings remain 100% private on your device."
"es-419","AVAN: Afirmaciones Diarias","Afirmaciones psicológicas personalizadas, meditación consciente y sonidos.","AVAN es un compañero consciente de afirmaciones diarias y reflexión psicológica diseñado para cultivar la confianza en uno mismo, la concentración y la resiliencia emocional.

Características principales:
• Motor de mentalidad personalizado: Afirmaciones dinámicas calibradas en 11 arquetipos psicológicos mediante incrustaciones cognitivas de 16 dimensiones.
• Ritmo de audio calibrado: Ciclos de afirmación estructurados de 18 segundos (6 segundos de voz clara + 12 segundos de reflexión silenciosa).
• Paisajes sonoros ambientales procedimentales: Tonos milagrosos de 432 Hz, frecuencias Solfeggio de 528 Hz, lluvia suave y olas del océano 100% sin conexión.
• Repite después de mí: Repetición de voz interactiva para reforzar profundamente los reencuadres positivos.
• Estudio de mi propia voz: Graba y escucha afirmaciones en tu propia voz.
• Diario de reflexiones conscientes: Registra tu gratitud diaria, pensamientos y estado de ánimo.
• Tableros de visión visuales: Plantillas dinámicas para metas con paletas de colores personalizables.
• Modos duales: Modo Crecimiento energizante y Modo Sanación relajante."
"es-ES","AVAN: Afirmaciones Diarias","Afirmaciones psicológicas personalizadas, meditación consciente y sonidos.","AVAN es una aplicación de afirmaciones diarias y reflexión psicológica diseñada para potenciar la autoestima, la concentración y la paz mental.

Funciones destacadas:
• Personalización psicológica avanzada con 11 arquetipos y vectores de 16 dimensiones.
• Cadencia de audio de 18 segundos para máxima absorción subconsciente.
• Paisajes sonoros offline de 432 Hz y 528 Hz Solfeggio.
• Repetición de voz interactiva y estudio de grabación propio.
• Diario de gratitud y panel de visión personalizado."
"fr-FR","AVAN: Affirmations Quotidiennes","Affirmations psychologiques personnalisées, méditation et sons apaisants.","AVAN est votre compagnon d'affirmations quotidiennes et de réflexion psychologique conçu pour renforcer la confiance en soi, la concentration et la sérénité émotionnelle.

Points forts :
• Personnalisation intelligente basée sur 11 archétypes psychologiques.
• Rythme audio calibré de 18 secondes (6s de voix + 12s de réflexion paisible).
• Sons d'ambiance 100% hors-ligne (432Hz, 528Hz Solfeggio, pluie douce, vagues).
• Répétez après moi : Pratique vocale interactive pour ancrer les pensées positives.
• Studio Ma Voix : Enregistrez vos propres affirmations.
• Journal de réflexion et tableau de vision inspirant."
"de-DE","AVAN: Tägliche Affirmationen","Personalisierte psychologische Affirmationen, Meditation und Klangwelten.","AVAN ist Ihr achtsamer Begleiter für tägliche Affirmationen und psychologische Reflexion, um Selbstvertrauen, Fokus und emotionale Resilienz zu stärken.

Hauptfunktionen:
• Personalisierte Denkweise basierend auf 11 psychologischen Archetypen.
• Wissenschaftlich kalibriertes Audio-Timing von 18 Sekunden pro Affirmation.
• 100% Offline-Klangwelten: 432Hz Wunder-Töne, 528Hz Solfeggio, sanfter Regen und Meeresrauschen.
• Interaktive Sprachwiederholung (Sag mir nach).
• Mein Sprach-Studio zum Aufnehmen eigener Affirmationen.
• Achtsamkeits-Tagebuch und visionäre Ziel-Boards."
"pt-BR","AVAN: Afirmações Diárias","Afirmações psicológicas personalizadas, meditação e sons relaxantes.","AVAN é o seu companheiro diário de afirmações e reflexão psicológica para cultivar autoconfiança, clareza mental e paz interior.

Destaques:
• Motor de personalização com 11 arquétipos psicológicos e vetores de 16D.
• Ritmo de áudio calibrado de 18 segundos para absorção profunda.
• Sons da natureza e frequências 432Hz e 528Hz 100% offline.
• Repita Comigo interativo e Estúdio de Gravação da Própria Voz.
• Diário de gratidão e Quadro de Visão de objetivos."
"ja-JP","AVAN: 毎日のアファメーション","心理学に基づいた個別アファメーション、瞑想、癒しのサウンドスケープ。","AVANは、自己肯定感、集中力、心の回復力を高めるために設計されたマインドフルなデイリーアファメーション＆心理リフレクションアプリです。

主な特徴：
• 11の心理タイプに基づくパーソナライズエンジン。
• 潜在意識に届く18秒の音声サイクル（6秒の音声＋12秒の静寂な内省）。
• 完全オフライン対応の432Hz・528Hzソルフェジオ周波数＆自然音。
• 「リピートアフターミー」声に出して自己暗示を強化。
• 自分の声を録音して聴ける「ボイススタジオ」。
• 毎日の感謝ジャーナル＆ビジョンボード。"
